{"ergebnis": [3833, 520, 2794], "fehlend": [48, 6083, 6088, 2090, 2132, 6379, 6424, 6471, 6620, 6678, 4781, 6764, 4849, 6784, 4867, 6831, 6834, 4939, 6897, 6901, 5011, 6946, 6949, 5052, 6984, 5067, 5074, 7006, 5088, 7022, 5135, 5137, 7101, 5196, 7165, 1369, 1418, 5402, 5403, 7388, 7432, 7443, 1559, 1563, 7475, 5533, 7482, 7499, 1618, 3196, 3197, 3204, 7527, 3238, 7581, 3246, 3248, 5639, 7588, 7616, 7619, 3285, 7633, 3306, 7670, 7678, 3331, 5741, 7689, 5748, 3338, 7737, 3392, 7758, 7761, 7775, 7787, 5854, 7794, 7806, 5876, 5880, 7827, 7838, 1951, 7884, 7887, 5948, 7897, 7899, 7904, 7905, 7915, 7917, 7963, 7981, 7985, 7998, 8019, 8021, 8031, 8047, 8060, 8063, 8064, 8074, 8077, 8116], "min": [5, 0, 15.9, 1.2258064516129032, 2.25, 1, 0.0, 1.0, 0.030267753201396973, -750.4378928987193, 0, 0.0, 0.0, 0.0, 0.0, 0.0, 0.0, 0.0, 0.0], "max": [2649, 1046, 2237.0, 46.888888888888886, 859.0, 215, 68.0, 10.222222222222221, 1.0, 114.87625000000001, 146, 1.0, 1.0, 1.0, 1.0, 1.0, 0.23809523809523808, 0.27586206896551724, 0.2962962962962963]}